Period_unique,Cam,Period,Duration_sec,start_datetime,end_datetime,year,mast,logged
AG01.13.1,AG01,1,954120,5/19/2013 11:58,5/30/2013 13:00,2013,0,0
AG01.13.2,AG01,2,5541000,6/15/2013 11:05,8/18/2013 14:15,2013,0,0
AG01.14.1,AG01,1,1307640,6/16/2014 10:20,7/1/2014 13:34,2014,1,0
AG01.14.2,AG01,2,4228860,7/22/2014 15:10,9/9/2014 13:51,2014,1,0
AG01.15.1,AG01,1,7704600,6/18/2015 10:50,9/15/2015 15:00,2015,1,0
AG01.16.1,AG01,1,1462620,8/10/2016 10:13,8/27/2016 8:30,2016,0,0
AG01.18.1,AG01,1,5940600,7/13/2018 14:20,9/20/2018 8:30,2018,0,0
AG01.19.1,AG01,1,1204800,5/25/2019 12:28,6/8/2019 11:08,2019,1,0
AG01.19.2,AG01,2,3710820,6/24/2019 9:43,8/6/2019 8:30,2019,1,0
AG01.20.1,AG01,1,2421180,8/8/2020 10:23,9/5/2020 10:56,2020,0,0
AG02.13.1,AG02,1,7944300,5/19/2013 14:15,8/19/2013 13:00,2013,0,0
AG02.14.1,AG02,1,7163100,6/18/2014 13:15,9/9/2014 11:00,2014,1,0
AG02.15.1,AG02,1,8556060,6/12/2015 10:30,9/19/2015 11:11,2015,1,0
AG02.16.1,AG02,1,3645780,8/3/2016 10:48,9/14/2016 15:31,2016,0,0
AG02.18.1,AG02,1,1286100,6/13/2018 11:15,6/28/2018 8:30,2018,0,0
AG02.18.2,AG02,2,161160,7/13/2018 11:44,7/15/2018 8:30,2018,0,0
AG02.18.3,AG02,3,3714180,7/27/2018 11:32,9/8/2018 11:15,2018,0,0
AG02.19.1,AG02,1,599400,5/23/2019 10:00,5/30/2019 8:30,2019,1,0
AG02.19.2,AG02,2,6737880,6/6/2019 10:55,8/23/2019 10:33,2019,1,0
AG02.20.1,AG02,1,3537480,7/25/2020 13:15,9/4/2020 11:53,2020,0,0
AG03.13.1,AG03,1,7675020,5/22/2013 12:23,8/19/2013 8:20,2013,0,0
AG03.14.1,AG03,1,8031060,6/10/2014 12:40,9/11/2014 11:31,2014,1,0
AG03.15.1,AG03,1,8543700,6/12/2015 13:00,9/19/2015 10:15,2015,1,0
AG03.18.1,AG03,1,2074500,7/16/2018 12:09,8/9/2018 12:24,2018,0,0
AG03.20.1,AG03,1,3538680,7/25/2020 11:53,9/4/2020 10:51,2020,0,0
AG04.13.1,AG04,1,7663440,5/22/2013 16:51,8/19/2013 9:35,2013,0,0
AG04.14.1,AG04,1,5534340,6/12/2014 11:20,8/15/2014 12:39,2014,1,0
AG04.14.2,AG04,2,1131060,8/29/2014 9:25,9/11/2014 11:36,2014,1,0
AG04.15.1,AG04,1,9248520,6/4/2015 10:28,9/19/2015 11:30,2015,1,0
AG04.18.1,AG04,1,6981180,7/16/2018 13:17,10/5/2018 8:30,2018,0,0
AG04.19.1,AG04,1,420900,5/24/2019 11:35,5/29/2019 8:30,2019,1,0
AG04.19.2,AG04,2,249120,6/7/2019 11:18,6/10/2019 8:30,2019,1,0
AG04.19.3,AG04,3,857340,6/21/2019 10:21,7/1/2019 8:30,2019,1,0
AG04.19.4,AG04,4,4055340,7/7/2019 10:02,8/23/2019 8:31,2019,1,0
AG04.20.1,AG04,1,3541200,7/25/2020 10:00,9/4/2020 9:40,2020,0,0
AG05.13.1,AG05,1,5442060,5/26/2013 11:19,7/28/2013 11:00,2013,0,0
AG05.14.1,AG05,1,8032740,6/7/2014 9:15,9/8/2014 8:34,2014,1,0
AG05.15.1,AG05,1,8624700,6/13/2015 15:00,9/21/2015 10:45,2015,1,0
AG05.16.1,AG05,1,0,5/6/2016 10:54,5/6/2016 10:54,2016,0,0
AG05.18.1,AG05,1,1802580,5/24/2018 11:47,6/14/2018 8:30,2018,0,0
AG05.18.2,AG05,2,8641260,7/9/2018 10:59,10/17/2018 11:20,2018,0,0
AG05.19.1,AG05,1,1988520,5/22/2019 11:25,6/14/2019 11:47,2019,1,0
AG05.19.2,AG05,2,5258280,6/19/2019 11:53,8/19/2019 8:31,2019,1,0
AG05.20.1,AG05,1,3548460,6/10/2020 11:18,7/21/2020 12:59,2020,0,0
AG06.13.1,AG06,1,7583100,5/26/2013 18:10,8/22/2013 12:35,2013,0,0
AG06.14.1,AG06,1,8893080,5/28/2014 15:25,9/8/2014 13:43,2014,1,0
AG06.15.1,AG06,1,8138400,6/19/2015 11:50,9/21/2015 16:30,2015,1,0
AG06.16.1,AG06,1,2845500,5/13/2016 10:07,6/15/2016 8:32,2016,0,0
AG06.18.1,AG06,1,883140,5/25/2018 9:30,6/4/2018 14:49,2018,0,0
AG06.18.2,AG06,2,452160,6/15/2018 12:00,6/20/2018 17:36,2018,0,0
AG06.18.3,AG06,3,83940,7/11/2018 13:04,7/12/2018 12:23,2018,0,0
AG06.18.4,AG06,4,3198240,7/26/2018 9:38,9/1/2018 10:02,2018,0,0
AG06.19.1,AG06,1,1712520,5/22/2019 12:48,6/11/2019 8:30,2019,1,0
AG06.19.2,AG06,2,0,6/19/2019 12:57,6/19/2019 12:57,2019,1,0
AG06.19.3,AG06,3,2333820,7/5/2019 11:25,8/1/2019 11:42,2019,1,0
AG07.13.1,AG07,1,3582540,5/28/2013 12:52,7/9/2013 0:01,2013,0,0
AG07.14.1,AG07,1,8829180,5/27/2014 10:45,9/6/2014 15:18,2014,1,0
AG07.15.1,AG07,1,7598340,6/19/2015 9:06,9/15/2015 7:45,2015,1,0
AG07.16.1,AG07,1,3009960,5/6/2016 14:25,6/10/2016 10:31,2016,0,0
AG07.18.1,AG07,1,1465260,6/11/2018 9:29,6/28/2018 8:30,2018,0,0
AG07.18.2,AG07,2,0,7/10/2018 13:10,7/10/2018 13:10,2018,0,0
AG07.18.3,AG07,3,1122120,7/24/2018 9:32,8/6/2018 9:14,2018,0,0
AG07.18.4,AG07,4,2505600,9/4/2018 8:30,10/3/2018 8:30,2018,0,0
AG07.19.1,AG07,1,7417140,5/22/2019 12:12,8/16/2019 8:31,2019,1,0
AG07.20.1,AG07,1,638460,6/9/2020 9:12,6/16/2020 18:33,2020,0,0
AG07.20.2,AG07,2,1953360,6/30/2020 18:09,7/23/2020 8:45,2020,0,0
AG08.13.1,AG08,1,7089540,5/28/2013 14:41,8/18/2013 16:00,2013,0,0
AG08.14.1,AG08,1,8813160,5/27/2014 13:20,9/6/2014 13:26,2014,1,0
AG08.15.1,AG08,1,7585200,6/19/2015 13:30,9/15/2015 8:30,2015,1,0
AG08.16.1,AG08,1,2570460,5/14/2016 15:07,6/13/2016 9:08,2016,0,0
AG08.18.1,AG08,1,1116420,6/11/2018 10:23,6/24/2018 8:30,2018,0,0
AG08.18.2,AG08,2,0,7/10/2018 9:57,7/10/2018 9:57,2018,0,0
AG08.18.3,AG08,3,6214320,7/24/2018 10:18,10/4/2018 8:30,2018,0,0
AG08.19.1,AG08,1,943440,5/22/2019 10:26,6/2/2019 8:30,2019,1,0
AG08.19.2,AG08,2,2166540,6/5/2019 10:06,6/30/2019 11:55,2019,1,0
AG08.19.3,AG08,3,4056660,7/5/2019 9:40,8/21/2019 8:31,2019,1,0
AG08.20.1,AG08,1,2311920,7/23/2020 14:26,8/19/2020 8:38,2020,0,0
AG08.20.2,AG08,2,1213320,8/22/2020 8:36,9/5/2020 9:38,2020,0,0
AG09.13.1,AG09,1,7172400,5/29/2013 10:30,8/20/2013 10:50,2013,0,0
AG09.14.1,AG09,1,7345740,6/16/2014 12:15,9/9/2014 12:44,2014,1,0
AG09.15.1,AG09,1,7690440,6/18/2015 9:20,9/15/2015 9:34,2015,1,0
AG09.16.1,AG09,1,1115880,8/5/2016 10:32,8/18/2016 8:30,2016,0,0
AG09.18.1,AG09,1,10099440,6/14/2018 11:06,10/9/2018 8:30,2018,0,0
AG09.19.1,AG09,1,2327160,5/24/2019 10:04,6/20/2019 8:30,2019,1,0
AG09.19.2,AG09,2,4232280,6/27/2019 10:20,8/15/2019 9:58,2019,1,0
AG09.20.1,AG09,1,2775780,6/9/2020 10:22,7/11/2020 13:25,2020,0,0
AG10.13.1,AG10,1,7156020,5/29/2013 12:53,8/20/2013 8:40,2013,0,0
AG10.14.1,AG10,1,7942560,6/17/2014 10:56,9/17/2014 9:12,2014,1,0
AG10.15.1,AG10,1,7689600,6/18/2015 10:20,9/15/2015 10:20,2015,1,0
AG10.16.1,AG10,1,0,8/5/2016 13:00,8/5/2016 13:00,2016,0,0
AG10.18.1,AG10,1,8421240,6/19/2018 12:37,9/24/2018 23:51,2018,0,0
AG10.19.1,AG10,1,6911220,5/27/2019 11:42,8/15/2019 11:29,2019,1,0
AG10.20.1,AG10,1,3795420,6/9/2020 12:00,7/23/2020 10:17,2020,0,0
AG11.13.1,AG11,1,6999300,5/31/2013 9:50,8/20/2013 10:05,2013,0,0
AG11.14.1,AG11,1,7947600,6/17/2014 10:00,9/17/2014 9:40,2014,1,0
AG11.15.1,AG11,1,8298600,6/11/2015 10:35,9/15/2015 11:45,2015,1,0
AG11.16.1,AG11,1,6297780,8/5/2016 12:09,10/17/2016 9:32,2016,0,0
AG11.18.1,AG11,1,9847920,6/19/2018 11:08,10/11/2018 10:40,2018,0,0
AG11.19.1,AG11,1,6911880,5/27/2019 10:46,8/15/2019 10:44,2019,1,0
AG11.20.1,AG11,1,3801180,6/9/2020 10:22,7/23/2020 10:15,2020,0,0
AG12.13.1,AG12,1,3546000,6/6/2013 9:30,7/17/2013 10:30,2013,0,0
AG13.13.1,AG13,1,6564600,6/6/2013 16:00,8/21/2013 15:30,2013,0,0
AG13.14.1,AG13,1,8532300,6/11/2014 14:55,9/18/2014 9:00,2014,1,0
AG13.15.1,AG13,1,8711100,6/2/2015 14:30,9/11/2015 10:15,2015,1,0
AG13.16.1,AG13,1,4398120,8/8/2016 10:48,9/28/2016 8:30,2016,0,0
AG13.18.1,AG13,1,338520,7/11/2018 10:28,7/15/2018 8:30,2018,0,0
AG13.18.2,AG13,2,2754300,7/31/2018 10:55,9/1/2018 8:00,2018,0,0
AG13.19.1,AG13,1,1632840,5/25/2019 11:46,6/13/2019 9:20,2019,1,0
AG13.19.2,AG13,2,550920,6/27/2019 10:02,7/3/2019 19:04,2019,1,0
AG13.19.3,AG13,3,0,7/11/2019 10:16,7/11/2019 10:16,2019,1,0
AG13.19.4,AG13,4,337500,7/25/2019 10:45,7/29/2019 8:30,2019,1,0
AG13.20.1,AG13,1,3807600,6/8/2020 10:20,7/22/2020 12:00,2020,0,0
AG14.13.1,AG14,1,6486480,6/7/2013 9:42,8/21/2013 11:30,2013,0,0
AG14.14.1,AG14,1,8983860,5/26/2014 10:55,9/7/2014 10:26,2014,1,0
AG14.15.1,AG14,1,8551620,6/13/2015 11:33,9/20/2015 11:00,2015,1,0
AG14.16.1,AG14,1,4558200,8/3/2016 14:20,9/25/2016 8:30,2016,0,0
AG14.18.1,AG14,1,2753820,5/29/2018 11:33,6/30/2018 8:30,2018,0,0
AG14.18.2,AG14,2,7627080,7/10/2018 9:49,10/6/2018 16:27,2018,0,0
AG14.19.1,AG14,1,1565520,5/23/2019 8:36,6/10/2019 11:28,2019,1,0
AG14.19.2,AG14,2,5270700,6/20/2019 8:54,8/20/2019 8:59,2019,1,0
AG14.20.1,AG14,1,2762160,6/18/2020 10:20,7/20/2020 9:36,2020,0,0
AG15.13.1,AG15,1,6312300,6/7/2013 13:20,8/19/2013 14:45,2013,0,0
AG15.14.1,AG15,1,9096300,6/14/2014 10:15,9/27/2014 17:00,2014,1,0
AG15.15.1,AG15,1,8551260,6/13/2015 9:54,9/20/2015 9:15,2015,1,0
AG15.16.1,AG15,1,1632000,5/3/2016 14:00,5/22/2016 11:20,2016,0,0
AG15.18.1,AG15,1,7264260,6/13/2018 9:50,9/5/2018 11:41,2018,0,0
AG15.18.2,AG15,2,194220,9/8/2018 9:16,9/10/2018 15:13,2018,0,0
AG15.19.1,AG15,1,3012720,5/23/2019 11:38,6/27/2019 8:30,2019,1,0
AG15.19.2,AG15,2,2606040,7/6/2019 11:21,8/5/2019 15:15,2019,1,0
AG15.20.1,AG15,1,3538440,7/25/2020 14:26,9/4/2020 13:20,2020,0,0
AG16.13.1,AG16,1,6128220,6/9/2013 12:13,8/19/2013 10:30,2013,0,0
AG16.14.1,AG16,1,7874400,6/12/2014 9:50,9/11/2014 13:10,2014,1,0
AG16.15.1,AG16,1,9236700,6/4/2015 12:05,9/19/2015 9:50,2015,1,0
AG16.16.1,AG16,1,2788320,5/14/2016 10:13,6/15/2016 16:45,2016,0,0
AG16.18.1,AG16,1,7679040,6/13/2018 13:05,9/10/2018 10:09,2018,0,0
AG16.19.1,AG16,1,2299320,5/24/2019 10:39,6/20/2019 1:21,2019,1,0
AG16.19.2,AG16,2,5446860,6/21/2019 11:14,8/23/2019 12:15,2019,1,0
AG16.20.1,AG16,1,3539520,7/25/2020 10:51,9/4/2020 10:03,2020,0,0
AG17.13.1,AG17,1,6219960,6/10/2013 8:34,8/21/2013 8:20,2013,0,0
AG17.14.1,AG17,1,8033460,6/7/2014 10:50,9/8/2014 10:21,2014,1,0
AG17.15.1,AG17,1,8792340,6/11/2015 15:21,9/21/2015 9:40,2015,1,0
AG17.16.1,AG17,1,1685280,8/4/2016 9:51,8/23/2016 21:59,2016,0,0
AG17.18.1,AG17,1,2586720,6/7/2018 11:38,7/7/2018 10:10,2018,0,0
AG17.18.2,AG17,2,4754460,7/9/2018 9:42,9/2/2018 10:23,2018,0,0
AG17.19.1,AG17,1,2127840,5/22/2019 9:19,6/16/2019 0:23,2019,1,0
AG17.19.2,AG17,2,5264220,6/19/2019 10:53,8/19/2019 9:10,2019,1,0
AG17.20.1,AG17,1,3550560,6/10/2020 10:40,7/21/2020 12:56,2020,0,0
AG19.13.1,AG19,1,5964600,6/12/2013 11:40,8/20/2013 12:30,2013,0,0
AG19.14.1,AG19,1,7432860,6/15/2014 10:20,9/9/2014 11:01,2014,1,0
AG19.15.1,AG19,1,8628900,6/1/2015 12:20,9/9/2015 9:15,2015,1,0
AG19.16.1,AG19,1,3216000,5/8/2016 9:10,6/14/2016 14:30,2016,0,0
AG19.18.1,AG19,1,5704680,6/21/2018 11:14,8/26/2018 11:52,2018,0,0
AG19.18.2,AG19,2,764340,9/11/2018 12:11,9/20/2018 8:30,2018,0,0
AG19.19.1,AG19,1,74520,5/24/2019 11:48,5/25/2019 8:30,2019,1,0
AG19.19.2,AG19,2,75660,6/12/2019 11:29,6/13/2019 8:30,2019,1,0
AG19.19.3,AG19,3,855000,6/26/2019 11:00,7/6/2019 8:30,2019,1,0
AG19.19.4,AG19,4,424020,7/10/2019 10:43,7/15/2019 8:30,2019,1,0
AG19.19.5,AG19,5,1388220,7/24/2019 9:30,8/9/2019 11:07,2019,1,0
AG19.20.1,AG19,1,3792960,7/23/2020 12:43,9/5/2020 10:19,2020,0,0
AG20.13.1,AG20,1,5635680,6/17/2013 9:32,8/21/2013 15:00,2013,0,0
AG20.14.1,AG20,1,7693560,6/11/2014 16:05,9/8/2014 17:11,2014,1,0
AG20.15.1,AG20,1,8994420,6/2/2015 14:03,9/14/2015 16:30,2015,1,0
AG20.16.1,AG20,1,6821400,8/8/2016 10:15,10/26/2016 9:05,2016,0,0
AG20.18.1,AG20,1,2241300,7/11/2018 9:55,8/6/2018 8:30,2018,0,0
AG20.18.2,AG20,2,0,8/11/2018 10:02,8/11/2018 10:02,2018,0,0
AG20.18.3,AG20,3,53220,10/3/2018 17:43,10/4/2018 8:30,2018,0,0
AG20.19.1,AG20,1,5605980,5/25/2019 11:17,7/29/2019 8:30,2019,1,0
AG20.20.1,AG20,1,3806400,6/8/2020 10:20,7/22/2020 11:40,2020,0,0
AG21.13.1,AG21,1,5626680,6/17/2013 11:32,8/21/2013 14:30,2013,0,0
AG21.14.1,AG21,1,8809200,6/8/2014 11:00,9/18/2014 10:00,2014,1,0
AG21.15.1,AG21,1,6345840,6/2/2015 13:17,8/15/2015 0:01,2015,1,0
AG21.15.2,AG21,2,1577100,8/27/2015 9:55,9/14/2015 16:00,2015,1,0
AG21.16.1,AG21,1,3570960,8/8/2016 9:34,9/18/2016 17:30,2016,0,0
AG21.18.1,AG21,1,1729200,7/11/2018 9:16,7/31/2018 9:36,2018,0,0
AG21.18.2,AG21,2,430140,8/11/2018 9:01,8/16/2018 8:30,2018,0,0
AG21.18.3,AG21,3,58800,9/16/2018 21:48,9/17/2018 14:08,2018,0,0
AG21.19.1,AG21,1,8115600,5/25/2019 10:39,8/27/2019 8:59,2019,1,0
AG21.20.1,AG21,1,3806280,6/8/2020 9:58,7/22/2020 11:16,2020,0,0
AG22.13.1,AG22,1,5614500,6/17/2013 14:10,8/21/2013 13:45,2013,0,0
AG22.14.1,AG22,1,8817300,6/8/2014 9:15,9/18/2014 10:30,2014,1,0
AG22.15.1,AG22,1,8652900,6/2/2015 11:45,9/10/2015 15:20,2015,1,0
AG22.16.1,AG22,1,1936500,8/8/2016 8:49,8/30/2016 18:44,2016,0,0
AG22.18.1,AG22,1,863220,7/11/2018 8:43,7/21/2018 8:30,2018,0,0
AG22.18.2,AG22,2,5888460,7/31/2018 8:54,10/7/2018 12:35,2018,0,0
AG22.19.1,AG22,1,944880,5/25/2019 10:02,6/5/2019 8:30,2019,1,0
AG22.19.2,AG22,2,700200,6/8/2019 10:01,6/16/2019 12:31,2019,1,0
AG22.19.3,AG22,3,5607300,6/23/2019 10:56,8/27/2019 8:31,2019,1,0
AG22.20.1,AG22,1,3806100,6/8/2020 9:40,7/22/2020 10:55,2020,0,0
AG23.13.1,AG23,1,5207460,6/24/2013 9:14,8/23/2013 15:45,2013,0,1
AG23.14.1,AG23,1,6581760,6/30/2014 11:54,9/14/2014 16:10,2014,1,1
AG23.15.1,AG23,1,8489100,6/7/2015 9:40,9/13/2015 15:45,2015,1,1
AG23.16.1,AG23,1,1979460,7/16/2016 11:02,8/8/2016 8:53,2016,0,1
AG23.18.1,AG23,1,1719000,6/28/2018 12:13,7/18/2018 9:43,2018,0,1
AG23.18.2,AG23,2,76320,8/1/2018 11:18,8/2/2018 8:30,2018,0,1
AG23.18.3,AG23,3,3629100,8/14/2018 8:41,9/25/2018 8:46,2018,0,1
AG23.19.1,AG23,1,6456540,5/29/2019 15:16,8/12/2019 8:45,2019,1,1
AG23.20.1,AG23,1,2778360,6/25/2020 10:53,7/27/2020 14:39,2020,0,1
AG24.13.1,AG24,1,5349960,6/24/2013 10:26,8/25/2013 8:32,2013,0,1
AG24.14.1,AG24,1,8530200,5/30/2014 15:40,9/6/2014 9:10,2014,1,1
AG24.15.1,AG24,1,8479800,6/6/2015 10:15,9/12/2015 13:45,2015,1,1
AG24.16.1,AG24,1,3369000,5/11/2016 8:40,6/19/2016 8:30,2016,0,1
AG24.18.1,AG24,1,0,6/28/2018 11:40,6/28/2018 11:40,2018,0,1
AG24.18.2,AG24,2,2956200,7/18/2018 8:58,8/21/2018 14:08,2018,0,1
AG24.19.1,AG24,1,753120,5/29/2019 16:19,6/7/2019 9:31,2019,1,1
AG24.19.2,AG24,2,3270960,6/14/2019 9:19,7/22/2019 5:55,2019,1,1
AG24.19.3,AG24,3,0,7/27/2019 10:23,7/27/2019 10:23,2019,1,1
AG24.20.1,AG24,1,954780,6/25/2020 10:11,7/6/2020 11:24,2020,0,1
AG25.13.1,AG25,1,5350500,6/24/2013 11:35,8/25/2013 9:50,2013,0,1
AG25.14.1,AG25,1,8204580,6/1/2014 10:05,9/4/2014 9:08,2014,1,1
AG25.15.1,AG25,1,8472360,6/6/2015 12:34,9/12/2015 14:00,2015,1,1
AG25.16.1,AG25,1,840,5/10/2016 11:00,5/10/2016 11:14,2016,0,1
AG25.18.1,AG25,1,971880,6/27/2018 11:49,7/8/2018 17:47,2018,0,1
AG25.18.2,AG25,2,306840,7/25/2018 8:49,7/28/2018 22:03,2018,0,1
AG25.18.3,AG25,3,97620,8/3/2018 8:27,8/4/2018 11:34,2018,0,1
AG25.18.4,AG25,4,3619860,8/16/2018 12:00,9/27/2018 9:31,2018,0,1
AG25.19.1,AG25,1,3193020,5/31/2019 9:33,7/7/2019 8:30,2019,1,1
AG25.19.2,AG25,2,2673420,7/13/2019 11:43,8/13/2019 10:20,2019,1,1
AG25.20.1,AG25,1,2779620,6/25/2020 9:32,7/27/2020 13:39,2020,0,1
AG26.13.1,AG26,1,5203320,6/25/2013 8:58,8/24/2013 14:20,2013,0,1
AG26.14.1,AG26,1,8124600,6/1/2014 8:45,9/3/2014 9:35,2014,1,1
AG26.15.1,AG26,1,7695360,6/15/2015 9:24,9/12/2015 11:00,2015,1,1
AG26.18.1,AG26,1,6905040,6/26/2018 10:26,9/14/2018 8:30,2018,0,1
AG26.19.1,AG26,1,6391980,5/31/2019 10:16,8/13/2019 9:49,2019,1,1
AG26.20.1,AG26,1,2951520,6/23/2020 11:23,7/27/2020 15:15,2020,0,1
AG27.13.1,AG27,1,5181720,6/25/2013 10:00,8/24/2013 9:22,2013,0,1
AG27.14.1,AG27,1,8035140,6/2/2014 8:54,9/3/2014 8:53,2014,1,1
AG27.15.1,AG27,1,8467200,6/8/2015 8:30,9/14/2015 8:30,2015,1,1
AG27.16.1,AG27,1,0,7/22/2016 10:46,7/22/2016 10:46,2016,0,1
AG27.18.1,AG27,1,4322400,6/26/2018 9:31,8/15/2018 10:11,2018,0,1
AG27.19.1,AG27,1,3376140,5/31/2019 11:21,7/9/2019 13:10,2019,1,1
AG27.19.2,AG27,2,318480,7/14/2019 16:02,7/18/2019 8:30,2019,1,1
AG27.19.3,AG27,3,1381320,7/28/2019 8:37,8/13/2019 8:19,2019,1,1
AG27.20.1,AG27,1,3538500,7/28/2020 10:41,9/7/2020 9:36,2020,0,1
AG28.13.1,AG28,1,5182080,6/25/2013 11:30,8/24/2013 10:58,2013,0,1
AG28.14.1,AG28,1,8032080,6/3/2014 11:30,9/4/2014 10:38,2014,1,1
AG28.15.1,AG28,1,7854300,6/15/2015 12:00,9/14/2015 9:45,2015,1,1
AG28.16.1,AG28,1,1029600,5/9/2016 10:30,5/21/2016 8:30,2016,0,1
AG28.18.1,AG28,1,2588400,6/29/2018 9:30,7/29/2018 8:30,2018,0,1
AG28.18.2,AG28,2,169860,8/2/2018 9:19,8/4/2018 8:30,2018,0,1
AG28.19.1,AG28,1,342840,5/30/2019 9:16,6/3/2019 8:30,2019,1,1
AG28.19.2,AG28,2,575520,6/15/2019 10:14,6/22/2019 2:06,2019,1,1
AG28.19.3,AG28,3,1551480,6/30/2019 9:02,7/18/2019 8:00,2019,1,1
AG28.19.4,AG28,4,1291200,7/28/2019 16:25,8/12/2019 15:05,2019,1,1
AG28.20.1,AG28,1,2750760,7/28/2020 12:24,8/29/2020 8:30,2020,0,1
AG29.13.1,AG29,1,5182200,6/25/2013 12:43,8/24/2013 12:13,2013,0,1
AG29.14.1,AG29,1,6494820,6/30/2014 12:00,9/13/2014 16:07,2014,1,1
AG29.15.1,AG29,1,7858200,6/15/2015 9:40,9/14/2015 8:30,2015,1,1
AG29.16.1,AG29,1,3714120,5/9/2016 9:00,6/21/2016 8:42,2016,0,1
AG29.16.2,AG29,2,77400,7/16/2016 11:00,7/17/2016 8:30,2016,0,1
AG29.18.1,AG29,1,7512960,6/29/2018 10:34,9/24/2018 9:30,2018,0,1
AG29.19.1,AG29,1,0,5/30/2019 10:24,5/30/2019 10:24,2019,1,1
AG29.19.2,AG29,2,0,6/15/2019 9:11,6/15/2019 9:11,2019,1,1
AG29.19.3,AG29,3,3648840,7/1/2019 8:58,8/12/2019 14:32,2019,1,1
AG29.20.1,AG29,1,1722360,7/28/2020 13:45,8/17/2020 12:11,2020,0,1
AG29.20.2,AG29,2,590100,8/24/2020 12:36,8/31/2020 8:31,2020,0,1
AG30.13.1,AG30,1,5282400,6/26/2013 9:50,8/26/2013 13:10,2013,0,1
AG30.14.1,AG30,1,8034480,6/2/2014 10:42,9/3/2014 10:30,2014,1,1
AG30.15.1,AG30,1,8466300,6/8/2015 11:00,9/14/2015 10:45,2015,1,1
AG30.16.1,AG30,1,1848540,7/23/2016 9:26,8/13/2016 18:55,2016,0,1
AG30.18.1,AG30,1,7946400,6/27/2018 10:23,9/27/2018 9:43,2018,0,1
AG30.19.1,AG30,1,6391500,5/31/2019 9:54,8/13/2019 9:19,2019,1,1
AG30.20.1,AG30,1,2865600,6/24/2020 10:52,7/27/2020 14:52,2020,0,1
AG31.13.1,AG31,1,510120,6/26/2013 11:07,7/2/2013 8:49,2013,0,1
AG31.13.2,AG31,2,2086740,8/2/2013 10:37,8/26/2013 14:16,2013,0,1
AG31.14.1,AG31,1,8817780,6/4/2014 9:20,9/14/2014 10:43,2014,1,1
AG31.15.1,AG31,1,7848360,6/15/2015 13:24,9/14/2015 9:30,2015,1,1
AG31.16.1,AG31,1,4136760,5/11/2016 13:40,6/28/2016 10:46,2016,0,1
AG31.18.1,AG31,1,1137780,6/26/2018 11:00,7/9/2018 15:03,2018,0,1
AG31.18.2,AG31,2,161460,7/25/2018 11:39,7/27/2018 8:30,2018,0,1
AG31.18.3,AG31,3,108240,8/3/2018 11:21,8/4/2018 17:25,2018,0,1
AG31.18.4,AG31,4,0,8/15/2018 11:28,8/15/2018 11:28,2018,0,1
AG31.19.1,AG31,1,1298520,5/31/2019 11:18,6/15/2019 12:00,2019,1,1
AG31.19.2,AG31,2,3277020,6/30/2019 17:03,8/7/2019 15:20,2019,1,1
AG31.20.1,AG31,1,2410800,6/23/2020 10:50,7/21/2020 8:30,2020,0,1
AG32.13.1,AG32,1,5282100,6/26/2013 11:46,8/26/2013 15:01,2013,0,1
AG32.14.1,AG32,1,8739960,6/4/2014 8:20,9/13/2014 12:06,2014,1,1
AG32.15.1,AG32,1,8801700,6/14/2015 13:50,9/24/2015 10:45,2015,1,1
AG32.16.1,AG32,1,3286680,5/12/2016 9:08,6/19/2016 10:06,2016,0,1
AG32.18.1,AG32,1,7512420,6/26/2018 11:33,9/21/2018 10:20,2018,0,1
AG32.19.1,AG32,1,2406360,5/31/2019 12:04,6/28/2019 8:30,2019,1,1
AG32.19.2,AG32,2,411720,6/30/2019 11:44,7/5/2019 6:06,2019,1,1
AG32.19.3,AG32,3,2505360,7/14/2019 16:25,8/12/2019 16:21,2019,1,1
AG33.13.1,AG33,1,5437920,6/26/2013 12:20,8/28/2013 10:52,2013,0,1
AG33.14.1,AG33,1,8803620,6/3/2014 14:15,9/13/2014 11:42,2014,1,1
AG33.15.1,AG33,1,4095600,6/14/2015 13:50,7/31/2015 23:30,2015,1,1
AG33.15.2,AG33,2,2161800,8/30/2015 9:45,9/24/2015 10:15,2015,1,1
AG33.18.1,AG33,1,6121980,6/26/2018 11:57,9/5/2018 8:30,2018,0,1
AG33.19.1,AG33,1,1974120,6/1/2019 12:08,6/24/2019 8:30,2019,1,1
AG33.19.2,AG33,2,1095000,6/30/2019 16:20,7/13/2019 8:30,2019,1,1
AG33.19.3,AG33,3,2574000,7/14/2019 16:00,8/13/2019 11:00,2019,1,1
AG33.20.1,AG33,1,2950320,6/23/2020 10:03,7/27/2020 13:35,2020,0,1
AG34.13.1,AG34,1,5111640,6/27/2013 8:56,8/25/2013 12:50,2013,0,1
AG34.14.1,AG34,1,6665040,6/29/2014 8:56,9/14/2014 12:20,2014,1,1
AG34.15.1,AG34,1,9053100,6/14/2015 15:15,9/27/2015 10:00,2015,1,1
AG34.16.1,AG34,1,4572900,7/20/2016 10:15,9/11/2016 8:30,2016,0,1
AG34.18.1,AG34,1,7521900,6/27/2018 8:26,9/22/2018 9:51,2018,0,1
AG34.19.1,AG34,1,6389640,5/30/2019 10:59,8/12/2019 9:53,2019,1,1
AG34.20.1,AG34,1,375300,7/28/2020 11:31,8/1/2020 19:46,2020,0,1
AG34.20.2,AG34,2,2414640,8/10/2020 11:56,9/7/2020 10:40,2020,0,1
AG35.13.1,AG35,1,5107020,6/27/2013 9:43,8/25/2013 12:20,2013,0,1
AG35.14.1,AG35,1,8193120,5/31/2014 15:45,9/3/2014 11:37,2014,1,1
AG35.15.1,AG35,1,7843320,6/14/2015 15:18,9/13/2015 10:00,2015,1,1
AG35.16.1,AG35,1,425580,7/21/2016 10:17,7/26/2016 8:30,2016,0,1
AG35.18.1,AG35,1,4062540,6/28/2018 14:30,8/14/2018 14:59,2018,0,1
AG35.19.1,AG35,1,1807680,5/30/2019 10:22,6/20/2019 8:30,2019,1,1
AG35.19.2,AG35,2,513600,6/29/2019 9:50,7/5/2019 8:30,2019,1,1
AG35.19.3,AG35,3,2593380,7/13/2019 9:09,8/12/2019 9:32,2019,1,1
AG35.20.1,AG35,1,3538620,7/28/2020 12:02,9/7/2020 10:59,2020,0,1
AG36.13.1,AG36,1,4146420,7/11/2013 10:15,8/28/2013 10:02,2013,0,1
AG36.14.1,AG36,1,6645000,6/28/2014 12:50,9/13/2014 10:40,2014,1,1
AG36.15.1,AG36,1,6486600,6/30/2015 9:40,9/13/2015 11:30,2015,1,1
AG36.16.1,AG36,1,1374780,5/18/2016 10:37,6/3/2016 8:30,2016,0,1
AG36.18.1,AG36,1,7326420,6/26/2018 12:53,9/19/2018 8:00,2018,0,1
AG36.19.1,AG36,1,3276900,6/1/2019 10:15,7/9/2019 8:30,2019,1,1
AG36.19.2,AG36,2,424440,7/15/2019 10:36,7/20/2019 8:30,2019,1,1
AG36.19.3,AG36,3,425880,7/28/2019 10:12,8/2/2019 8:30,2019,1,1
AG36.20.1,AG36,1,3540120,7/28/2020 10:24,9/7/2020 9:46,2020,0,1
AG37.13.1,AG37,1,4054620,7/11/2013 12:05,8/27/2013 10:22,2013,0,1
AG37.14.1,AG37,1,6821100,6/27/2014 11:10,9/14/2014 9:55,2014,1,1
AG37.15.1,AG37,1,7668900,6/27/2015 15:30,9/24/2015 9:45,2015,1,1
AG37.16.1,AG37,1,2406900,5/18/2016 11:55,6/15/2016 8:30,2016,0,1
AG38.13.1,AG38,1,4048800,7/11/2013 13:00,8/27/2013 9:40,2013,0,1
AG38.14.1,AG38,1,6823380,6/27/2014 9:50,9/14/2014 9:13,2014,1,1
AG38.15.1,AG38,1,7672500,6/27/2015 14:00,9/24/2015 9:15,2015,1,1
AG38.16.1,AG38,1,3357720,5/19/2016 10:02,6/27/2016 6:44,2016,0,1
AG39.13.1,AG39,1,3970200,7/12/2013 10:08,8/27/2013 8:58,2013,0,1
AG39.14.1,AG39,1,6827880,6/27/2014 8:45,9/14/2014 9:23,2014,1,1
AG39.15.1,AG39,1,7669140,6/27/2015 14:26,9/24/2015 8:45,2015,1,1
AG39.16.1,AG39,1,1810500,5/19/2016 9:35,6/9/2016 8:30,2016,0,1
AG40.13.1,AG40,1,3796620,7/12/2013 13:00,8/25/2013 11:37,2013,0,1
AG40.14.1,AG40,1,6653400,6/29/2014 11:40,9/14/2014 11:50,2014,1,1
AG40.15.1,AG40,1,8640000,6/15/2015 14:30,9/23/2015 14:30,2015,1,1
AG40.16.1,AG40,1,1899120,7/21/2016 10:02,8/12/2016 9:34,2016,0,1
AG40.18.1,AG40,1,2739600,6/28/2018 15:30,7/30/2018 8:30,2018,0,1
AG40.18.2,AG40,2,2070180,8/1/2018 8:57,8/25/2018 8:00,2018,0,1
AG40.19.1,AG40,1,2414400,5/30/2019 9:50,6/27/2019 8:30,2019,1,1
AG40.19.2,AG40,2,169920,6/29/2019 9:18,7/1/2019 8:30,2019,1,1
AG40.19.3,AG40,3,300,7/13/2019 8:42,7/13/2019 8:47,2019,1,1
AG40.19.4,AG40,4,1381260,7/27/2019 9:30,8/12/2019 9:11,2019,1,1
AG40.20.1,AG40,1,3537000,7/28/2020 12:43,9/7/2020 11:13,2020,0,1
AG41.13.1,AG41,1,3789000,7/12/2013 14:20,8/25/2013 10:50,2013,0,1
AG41.14.1,AG41,1,6658260,6/29/2014 10:05,9/14/2014 11:36,2014,1,1
AG41.15.1,AG41,1,9351000,6/7/2015 8:30,9/23/2015 14:00,2015,1,1
AG41.16.1,AG41,1,1624680,5/9/2016 12:00,5/28/2016 7:18,2016,0,1
AG41.18.1,AG41,1,7409760,6/28/2018 15:00,9/22/2018 9:16,2018,0,1
AG41.19.1,AG41,1,6392160,5/30/2019 9:19,8/12/2019 8:55,2019,1,1
AG41.20.1,AG41,1,3537960,7/28/2020 13:14,9/7/2020 12:00,2020,0,1
AG42.13.1,AG42,1,3800400,7/15/2013 9:20,8/28/2013 9:00,2013,0,1
AG42.14.1,AG42,1,6826980,6/26/2014 9:30,9/13/2014 9:53,2014,1,1
AG42.15.1,AG42,1,8467800,6/6/2015 8:45,9/12/2015 8:55,2015,1,1
AG42.16.1,AG42,1,9360,5/11/2016 14:41,5/11/2016 17:17,2016,0,1
AG42.16.2,AG42,2,260760,5/23/2016 8:30,5/26/2016 8:56,2016,0,1
AG42.16.3,AG42,3,85560,7/22/2016 8:44,7/23/2016 8:30,2016,0,1
AG42.18.1,AG42,1,6131760,6/27/2018 9:14,9/6/2018 8:30,2018,0,1
AG42.19.1,AG42,1,6236700,6/1/2019 11:18,8/12/2019 15:43,2019,1,1
AG42.20.1,AG42,1,3469920,7/29/2020 10:40,9/7/2020 14:32,2020,0,1
AG43.13.1,AG43,1,3891300,7/18/2013 13:45,9/1/2013 14:40,2013,0,0
AG43.14.1,AG43,1,9919320,5/26/2014 13:40,9/18/2014 9:02,2014,1,0
AG43.15.1,AG43,1,8056500,6/19/2015 9:35,9/20/2015 15:30,2015,1,0
AG43.16.1,AG43,1,1743960,5/13/2016 8:57,6/2/2016 13:23,2016,0,0
AG43.18.1,AG43,1,266880,5/26/2018 9:50,5/29/2018 11:58,2018,0,0
AG43.18.2,AG43,2,0,6/12/2018 10:13,6/12/2018 10:13,2018,0,0
AG43.18.3,AG43,3,3102480,7/14/2018 10:42,8/19/2018 8:30,2018,0,0
AG43.18.4,AG43,4,1133220,9/5/2018 8:30,9/18/2018 11:17,2018,0,0
AG43.19.1,AG43,1,7684980,5/27/2019 9:48,8/24/2019 8:31,2019,1,0
AG43.20.1,AG43,1,2762400,6/18/2020 11:06,7/20/2020 10:26,2020,0,0
AG44.14.1,AG44,1,5853120,7/13/2014 15:43,9/19/2014 9:35,2014,1,0
AG44.15.1,AG44,1,7940880,6/20/2015 11:12,9/20/2015 9:00,2015,1,0
AG44.16.1,AG44,1,2153820,5/4/2016 10:05,5/29/2016 8:22,2016,0,0
AG44.18.1,AG44,1,863280,6/30/2018 10:20,7/10/2018 10:08,2018,0,0
AG44.18.2,AG44,2,4653720,7/14/2018 13:48,9/6/2018 10:30,2018,0,0
AG44.19.1,AG44,1,8379120,5/23/2019 10:17,8/28/2019 9:49,2019,1,0
AG44.20.1,AG44,1,2751840,7/25/2020 12:30,8/26/2020 8:54,2020,0,0
AG45.18.1,AG45,1,7339800,6/28/2018 10:09,9/21/2018 8:59,2018,0,1
AG45.19.1,AG45,1,6238140,6/1/2019 9:55,8/12/2019 14:44,2019,1,1
AG45.20.1,AG45,1,1581960,7/29/2020 11:13,8/16/2020 18:39,2020,0,1
AG45.20.2,AG45,2,858840,8/25/2020 9:56,9/4/2020 8:30,2020,0,1
AG46.18.1,AG46,1,3834000,6/28/2018 9:47,8/11/2018 18:47,2018,0,1
AG46.18.2,AG46,2,0,8/13/2018 16:52,8/13/2018 16:52,2018,0,1
AG46.19.1,AG46,1,46500,6/1/2019 10:38,6/1/2019 23:33,2019,1,1
AG46.19.2,AG46,2,880260,6/16/2019 9:30,6/26/2019 14:01,2019,1,1
AG46.19.3,AG46,3,3733080,6/30/2019 10:15,8/12/2019 15:13,2019,1,1
AG46.20.1,AG46,1,3469440,7/29/2020 11:02,9/7/2020 14:46,2020,0,1
AG47.18.1,AG47,1,5613240,6/28/2018 9:16,9/1/2018 8:30,2018,0,1
AG47.19.1,AG47,1,900,6/1/2019 11:23,6/1/2019 11:38,2019,1,1
AG47.19.2,AG47,2,426960,6/16/2019 9:54,6/21/2019 8:30,2019,1,1
AG47.19.3,AG47,3,3732420,6/30/2019 10:39,8/12/2019 15:26,2019,1,1
AG47.20.1,AG47,1,3469680,7/29/2020 10:53,9/7/2020 14:41,2020,0,1
AG48.19.1,AG48,1,73800,5/25/2019 9:33,5/26/2019 6:03,2019,1,0
AG48.19.2,AG48,2,10560,6/8/2019 9:06,6/8/2019 12:02,2019,1,0
AG48.19.3,AG48,3,34440,6/23/2019 10:31,6/23/2019 20:05,2019,1,0
AG48.19.4,AG48,4,4145280,7/10/2019 9:06,8/27/2019 8:34,2019,1,0
